{"cameraMode":{"drawMode":0,"name":"Shaded","section":"Shading Mode"},"sceneLighting":true,"audioPlay":false,"sceneViewState":{"showFog":true,"showMaterialUpdate":false,"showSkybox":true,"showFlares":true,"showImageEffects":true,"showParticleSystems":true,"showVisualEffectGraphs":true,"m_FxEnabled":true},"in2DMode":false,"pivot":{"x":102.17716979980469,"y":102.32323455810547,"z":-120.68011474609375},"rotation":{"x":0.020983712747693063,"y":0.03748298063874245,"z":-0.0007872587302699685,"w":0.9990772604942322},"size":172.37001037597657,"orthographic":true}